<?xml version="1.0" encoding="UTF-8"?>
<configuration>

	<property name="LOGS" value="./log" />

	<appender name="Console"
		class="ch.qos.logback.core.ConsoleAppender">
		<layout class="ch.qos.logback.classic.PatternLayout">
			<Pattern>{"Time":"%d" ,"thread":"%thread" ,"level":"%-5level","logger":"%logger{35}" ,"className":"%file:%line" ,"msg":%msg }%n
			</Pattern>
		</layout>
	</appender>

	<appender name="RollingFile"
		class="ch.qos.logback.core.rolling.RollingFileAppender">
		<file>${LOGS}/todo.log</file>
		<encoder
			class="ch.qos.logback.classic.encoder.PatternLayoutEncoder">
			<Pattern>{"Time":"%d" ,"thread":"%thread" ,"level":"%-5level","logger":"%logger{35}" ,"className":"%file:%line" ,"msg":%msg }%n</Pattern>
		</encoder>

		<rollingPolicy
			class="ch.qos.logback.core.rolling.TimeBasedRollingPolicy">
			<!-- rollover daily and when the file reaches 10 MegaBytes -->
			<fileNamePattern>${LOGS}/archived/log-%d{yyyy-MM-dd}.%i.log
			</fileNamePattern>
			<timeBasedFileNamingAndTriggeringPolicy
				class="ch.qos.logback.core.rolling.SizeAndTimeBasedFNATP">
				<maxFileSize>5GB</maxFileSize>
			</timeBasedFileNamingAndTriggeringPolicy>
		</rollingPolicy>
	</appender>

	<appender name="ASYNC" class="ch.qos.logback.classic.AsyncAppender">
		<discardingThreshold>0</discardingThreshold> 
		<appender-ref ref="RollingFile" />
		<queueSize>512</queueSize> 
		<includeCallerData>true</includeCallerData>
	</appender>

	<!-- LOG everything at INFO level -->
	<root level="info">
		<appender-ref ref="ASYNC" />
		<appender-ref ref="Console" />
	</root>



</configuration>